HUD frame time nsec:,37519000

Range Index,Elapsed Time, First Event,Last Event
0,7200,1,1
1,8800,37,37
2,13664,71,71
3,95296,107,107
4,10784,157,157
5,736,193,193
6,704,244,244
7,704,280,280
8,736,331,331
9,736,367,367
10,704,418,418
11,768,454,454
12,768,505,505
13,768,541,541
14,704,592,592
15,832,628,628
16,768,679,679
17,768,715,715
18,800,766,766
19,768,802,802
20,704,853,853
21,704,889,889
22,704,940,940
23,704,976,976
24,672,1027,1027
25,704,1063,1063
26,768,1114,1114
27,736,1150,1150
28,736,1201,1201
29,736,1237,1237
30,768,1288,1288
31,736,1324,1324
32,704,1375,1375
33,704,1411,1411
34,736,1462,1462
35,704,1498,1498
36,736,1549,1549
37,736,1585,1585
38,704,1636,1636
39,736,1672,1672
40,736,1723,1723
41,736,1759,1759
42,704,1810,1810
43,704,1846,1846
44,736,1897,1897
45,704,1933,1933
46,736,1984,1984
47,704,2020,2020
48,704,2071,2071
49,736,2107,2107
50,704,2158,2158
51,704,2194,2194
52,736,2245,2245
53,736,2281,2281
54,704,2332,2332
55,736,2368,2368
56,864,2419,2419
57,704,2455,2455
58,736,2506,2506
59,736,2542,2542
60,896,2593,2593
61,704,2629,2629
62,736,2680,2680
63,704,2716,2716
64,704,2767,2767
65,704,2803,2803
66,704,2854,2854
67,736,2890,2890
68,736,2941,2941
69,736,2977,2977
70,736,3028,3028
71,704,3064,3064
72,704,3115,3115
73,736,3151,3151
74,736,3202,3202
75,736,3238,3238
76,736,3289,3289
77,704,3325,3325
78,704,3376,3376
79,736,3412,3412
80,736,3463,3463
81,704,3499,3499
82,736,3550,3550
83,736,3586,3586
84,704,3637,3637
85,736,3673,3673
86,704,3724,3724
87,704,3760,3760
88,736,3811,3811
89,704,3847,3847
90,704,3898,3898
91,736,3934,3934
92,736,3985,3985
93,736,4021,4021
94,736,4072,4072
95,736,4108,4108
96,704,4159,4159
97,736,4195,4195
98,736,4246,4246
99,736,4282,4282
100,704,4333,4333
101,736,4369,4369
102,704,4420,4420
103,736,4456,4456
104,704,4507,4507
105,704,4543,4543
106,704,4594,4594
107,704,4630,4630
108,736,4681,4681
109,704,4717,4717
110,704,4768,4768
111,736,4804,4804
112,736,4855,4855
113,704,4891,4891
114,736,4942,4942
115,736,4978,4978
116,736,5029,5029
117,736,5065,5065
118,736,5116,5116
119,736,5152,5152
120,704,5203,5203
121,736,5239,5239
122,736,5290,5290
123,736,5326,5326
124,736,5377,5377
125,864,5413,5413
126,704,5464,5464
127,704,5500,5500
128,768,5551,5551
129,704,5587,5587
130,704,5638,5638
131,736,5674,5674
132,736,5725,5725
133,736,5761,5761
134,736,5812,5812
135,704,5848,5848
136,896,5899,5899
137,704,5935,5935
138,704,5986,5986
139,736,6022,6022
140,736,6073,6073
141,736,6109,6109
142,704,6160,6160
143,736,6196,6196
144,736,6247,6247
145,704,6283,6283
146,704,6334,6334
147,736,6370,6370
148,704,6421,6421
149,736,6457,6457
150,736,6508,6508
151,704,6544,6544
152,736,6595,6595
153,704,6631,6631
154,736,6682,6682
155,704,6718,6718
156,736,6769,6769
157,736,6805,6805
158,736,6856,6856
159,736,6892,6892
160,704,6943,6943
161,704,6979,6979
162,704,7030,7030
163,736,7066,7066
164,736,7117,7117
165,704,7153,7153
166,736,7204,7204
167,736,7240,7240
168,736,7291,7291
169,704,7327,7327
170,736,7378,7378
171,736,7414,7414
172,704,7465,7465
173,736,7501,7501
174,704,7552,7552
175,704,7588,7588
176,736,7639,7639
177,704,7675,7675
178,704,7726,7726
179,704,7762,7762
180,704,7813,7813
181,704,7849,7849
182,704,7900,7900
183,704,7936,7936
184,704,7987,7987
185,704,8023,8023
186,704,8074,8074
187,704,8110,8110
188,704,8161,8161
189,704,8197,8197
190,704,8248,8248
191,672,8284,8284
192,704,8335,8335
193,704,8371,8371
194,3643104,8422,8422
195,704,8458,8458
196,704,8509,8509
197,768,8545,8545
198,736,8596,8596
199,704,8632,8632
200,704,8683,8683
201,736,8719,8719
202,992,8770,8770
203,704,8806,8806
204,672,8857,8857
205,768,8893,8893
206,768,8944,8944
207,736,8980,8980
208,736,9031,9031
209,704,9067,9067
210,704,9118,9118
211,704,9154,9154
212,704,9205,9205
213,704,9241,9241
214,800,9292,9292
215,704,9328,9328
216,768,9379,9379
217,736,9415,9415
218,704,9466,9466
219,736,9502,9502
220,736,9553,9553
221,704,9589,9589
222,736,9640,9640
223,736,9676,9676
224,928,9727,9727
225,736,9763,9763
226,704,9814,9814
227,704,9850,9850
228,896,9901,9901
229,736,9937,9937
230,736,9988,9988
231,704,10024,10024
232,704,10075,10075
233,736,10111,10111
234,736,10162,10162
235,736,10198,10198
236,704,10249,10249
237,736,10285,10285
238,736,10336,10336
239,704,10372,10372
240,736,10423,10423
241,736,10459,10459
242,736,10510,10510
243,736,10546,10546
244,736,10597,10597
245,704,10633,10633
246,704,10684,10684
247,704,10720,10720
248,736,10771,10771
249,704,10807,10807
250,704,10858,10858
251,736,10894,10894
252,704,10945,10945
253,736,10981,10981
254,704,11032,11032
255,736,11068,11068
256,736,11119,11119
257,736,11155,11155
258,736,11206,11206
259,736,11242,11242
260,704,11293,11293
261,704,11329,11329
262,704,11380,11380
263,704,11416,11416
264,704,11467,11467
265,704,11503,11503
266,704,11554,11554
267,736,11590,11590
268,704,11641,11641
269,704,11677,11677
270,704,11728,11728
271,704,11764,11764
272,704,11815,11815
273,928,11851,11851
274,704,11902,11902
275,736,11938,11938
276,704,11989,11989
277,928,12025,12025
278,704,12076,12076
279,736,12112,12112
280,704,12163,12163
281,736,12199,12199
282,736,12250,12250
283,736,12286,12286
284,704,12337,12337
285,704,12373,12373
286,704,12424,12424
287,704,12460,12460
288,736,12511,12511
289,704,12547,12547
290,704,12598,12598
291,736,12634,12634
292,736,12685,12685
293,704,12721,12721
294,704,12772,12772
295,736,12808,12808
296,704,12859,12859
297,704,12895,12895
298,704,12946,12946
299,704,12982,12982
300,736,13033,13033
301,736,13069,13069
302,704,13120,13120
303,704,13156,13156
304,736,13207,13207
305,704,13243,13243
306,704,13294,13294
307,704,13330,13330
308,736,13381,13381
309,736,13417,13417
310,736,13468,13468
311,736,13504,13504
312,736,13555,13555
313,704,13591,13591
314,736,13642,13642
315,704,13678,13678
316,736,13729,13729
317,704,13765,13765
318,736,13816,13816
319,736,13852,13852
320,736,13903,13903
321,736,13939,13939
322,736,13990,13990
323,704,14026,14026
324,704,14077,14077
325,736,14113,14113
326,704,14164,14164
327,704,14200,14200
328,704,14251,14251
329,736,14287,14287
330,704,14338,14338
331,704,14374,14374
332,704,14425,14425
333,736,14461,14461
334,736,14512,14512
335,736,14548,14548
336,704,14599,14599
337,704,14635,14635
338,704,14686,14686
339,736,14722,14722
340,736,14773,14773
341,736,14809,14809
342,704,14860,14860
343,736,14896,14896
344,704,14947,14947
345,704,14983,14983
346,704,15034,15034
347,736,15070,15070
348,704,15121,15121
349,736,15157,15157
350,704,15208,15208
351,736,15244,15244
352,736,15295,15295
353,736,15331,15331
354,704,15382,15382
355,736,15418,15418
356,704,15469,15469
357,704,15505,15505
358,736,15556,15556
359,704,15592,15592
360,704,15643,15643
361,736,15679,15679
362,736,15730,15730
363,704,15766,15766
364,704,15817,15817
365,736,15853,15853
366,672,15904,15904
367,704,15940,15940
368,672,15991,15991
369,704,16027,16027
370,704,16078,16078
371,704,16114,16114
372,704,16165,16165
373,704,16201,16201
374,736,16252,16252
375,704,16288,16288
376,736,16339,16339
377,736,16375,16375
378,736,16426,16426
379,704,16462,16462
380,672,16513,16513
381,736,16549,16549
382,704,16600,16600
383,704,16636,16636
384,704,16687,16687
385,736,16723,16723
386,704,16774,16774
387,832,16810,16810
388,704,16861,16861
389,704,16897,16897
390,736,16948,16948
391,672,16984,16984
392,704,17035,17035
393,672,17071,17071
394,672,17122,17122
395,704,17158,17158
396,704,17209,17209
397,736,17245,17245
398,704,17296,17296
399,704,17332,17332
400,704,17383,17383
401,704,17419,17419
402,704,17470,17470
403,704,17506,17506
404,704,17557,17557
405,704,17593,17593
406,704,17644,17644
407,704,17680,17680
408,704,17731,17731
409,704,17767,17767
410,672,17818,17818
411,3728320,17854,17854
412,2144,17905,17905
413,704,17941,17941
414,704,17992,17992
415,736,18028,18028
416,832,18079,18079
417,768,18115,18115
418,768,18166,18166
419,704,18202,18202
420,864,18253,18253
421,736,18289,18289
422,736,18340,18340
423,736,18376,18376
424,736,18427,18427
425,704,18463,18463
426,704,18514,18514
427,704,18550,18550
428,736,18601,18601
429,704,18637,18637
430,704,18688,18688
431,704,18724,18724
432,704,18775,18775
433,704,18811,18811
434,736,18862,18862
435,736,18898,18898
436,736,18949,18949
437,704,18985,18985
438,736,19036,19036
439,704,19072,19072
440,736,19123,19123
441,832,19159,19159
442,736,19210,19210
443,736,19246,19246
444,704,19297,19297
445,736,19333,19333
446,832,19384,19384
447,736,19420,19420
448,704,19471,19471
449,704,19507,19507
450,704,19558,19558
451,736,19594,19594
452,832,19645,19645
453,736,19681,19681
454,736,19732,19732
455,704,19768,19768
456,704,19819,19819
457,800,19855,19855
458,704,19906,19906
459,736,19942,19942
460,704,19993,19993
461,736,20029,20029
462,736,20080,20080
463,704,20116,20116
464,736,20167,20167
465,736,20203,20203
466,704,20254,20254
467,704,20290,20290
468,736,20341,20341
469,736,20377,20377
470,704,20428,20428
471,736,20464,20464
472,704,20515,20515
473,736,20551,20551
474,704,20602,20602
475,736,20638,20638
476,704,20689,20689
477,736,20725,20725
478,736,20776,20776
479,704,20812,20812
480,736,20863,20863
481,736,20899,20899
482,736,20950,20950
483,736,20986,20986
484,704,21037,21037
485,736,21073,21073
486,736,21124,21124
487,736,21160,21160
488,704,21211,21211
489,768,21247,21247
490,704,21298,21298
491,736,21334,21334
492,704,21385,21385
493,704,21421,21421
494,704,21472,21472
495,736,21508,21508
496,800,21559,21559
497,704,21595,21595
498,704,21646,21646
499,736,21682,21682
500,704,21733,21733
501,704,21769,21769
502,832,21820,21820
503,704,21856,21856
504,704,21907,21907
505,704,21943,21943
506,832,21994,21994
507,736,22030,22030
508,736,22081,22081
509,736,22117,22117
510,736,22168,22168
511,704,22204,22204
512,832,22255,22255
513,736,22291,22291
514,736,22342,22342
515,704,22378,22378
516,736,22429,22429
517,704,22465,22465
518,736,22516,22516
519,736,22552,22552
520,704,22603,22603
521,736,22639,22639
522,704,22690,22690
523,800,22726,22726
524,736,22777,22777
525,736,22813,22813
526,736,22864,22864
527,736,22900,22900
528,768,22951,22951
529,736,22987,22987
530,736,23038,23038
531,736,23074,23074
532,736,23125,23125
533,704,23161,23161
534,704,23212,23212
535,704,23248,23248
536,704,23299,23299
537,736,23335,23335
538,704,23386,23386
539,736,23422,23422
540,736,23473,23473
541,736,23509,23509
542,704,23560,23560
543,736,23596,23596
544,736,23647,23647
545,736,23683,23683
546,704,23734,23734
547,704,23770,23770
548,704,23821,23821
549,736,23857,23857
550,736,23908,23908
551,736,23944,23944
552,736,23995,23995
553,736,24031,24031
554,736,24082,24082
555,704,24118,24118
556,832,24169,24169
557,704,24205,24205
558,704,24256,24256
559,736,24292,24292
560,736,24343,24343
561,736,24379,24379
562,704,24430,24430
563,736,24466,24466
564,736,24517,24517
565,704,24553,24553
566,736,24604,24604
567,704,24640,24640
568,704,24691,24691
569,736,24727,24727
570,736,24778,24778
571,736,24814,24814
572,736,24865,24865
573,736,24901,24901
574,736,24952,24952
575,736,24988,24988
576,736,25039,25039
577,736,25075,25075
578,704,25126,25126
579,736,25162,25162
580,704,25213,25213
581,704,25249,25249
582,704,25300,25300
583,736,25336,25336
584,736,25387,25387
585,736,25423,25423
586,704,25474,25474
587,704,25510,25510
588,704,25561,25561
589,704,25597,25597
590,704,25648,25648
591,672,25684,25684
592,736,25735,25735
593,736,25771,25771
594,736,25822,25822
595,704,25858,25858
596,672,25909,25909
597,704,25945,25945
598,704,25996,25996
599,704,26032,26032
600,704,26083,26083
601,704,26119,26119
602,736,26170,26170
603,736,26206,26206
604,736,26257,26257
605,736,26293,26293
606,704,26344,26344
607,736,26380,26380
608,704,26431,26431
609,704,26467,26467
610,704,26518,26518
611,704,26554,26554
612,704,26605,26605
613,704,26641,26641
614,704,26692,26692
615,704,26728,26728
616,704,26779,26779
617,704,26815,26815
618,704,26866,26866
619,704,26902,26902
620,704,26953,26953
621,736,26989,26989
622,704,27040,27040
623,704,27076,27076
624,704,27127,27127
625,704,27163,27163
626,704,27214,27214
627,736,27250,27250
628,3777792,27301,27301
629,736,27337,27337
630,736,27388,27388
631,768,27424,27424
632,736,27475,27475
633,704,27511,27511
634,704,27562,27562
635,704,27598,27598
636,736,27649,27649
637,736,27685,27685
638,768,27736,27736
639,736,27772,27772
640,704,27823,27823
641,704,27859,27859
642,704,27910,27910
643,704,27946,27946
644,736,27997,27997
645,768,28033,28033
646,768,28084,28084
647,704,28120,28120
648,736,28171,28171
649,768,28207,28207
650,768,28258,28258
651,768,28294,28294
652,736,28345,28345
653,704,28381,28381
654,672,28432,28432
655,704,28468,28468
656,704,28519,28519
657,736,28555,28555
658,736,28606,28606
659,736,28642,28642
660,704,28693,28693
661,736,28729,28729
662,736,28780,28780
663,736,28816,28816
664,736,28867,28867
665,704,28903,28903
666,736,28954,28954
667,704,28990,28990
668,736,29041,29041
669,704,29077,29077
670,704,29128,29128
671,736,29164,29164
672,704,29215,29215
673,704,29251,29251
674,704,29302,29302
675,768,29338,29338
676,736,29389,29389
677,736,29425,29425
678,704,29476,29476
679,736,29512,29512
680,704,29563,29563
681,704,29599,29599
682,736,29650,29650
683,736,29686,29686
684,704,29737,29737
685,736,29773,29773
686,704,29824,29824
687,736,29860,29860
688,704,29911,29911
689,736,29947,29947
690,736,29998,29998
691,736,30034,30034
692,736,30085,30085
693,704,30121,30121
694,704,30172,30172
695,736,30208,30208
696,736,30259,30259
697,704,30295,30295
698,704,30346,30346
699,736,30382,30382
700,704,30433,30433
701,704,30469,30469
702,736,30520,30520
703,704,30556,30556
704,704,30607,30607
705,704,30643,30643
706,736,30694,30694
707,704,30730,30730
708,736,30781,30781
709,736,30817,30817
710,736,30868,30868
711,736,30904,30904
712,736,30955,30955
713,736,30991,30991
714,864,31042,31042
715,736,31078,31078
716,704,31129,31129
717,736,31165,31165
718,736,31216,31216
719,800,31252,31252
720,736,31303,31303
721,704,31339,31339
722,736,31390,31390
723,736,31426,31426
724,704,31477,31477
725,704,31513,31513
726,704,31564,31564
727,736,31600,31600
728,704,31651,31651
729,768,31687,31687
730,704,31738,31738
731,736,31774,31774
732,736,31825,31825
733,736,31861,31861
734,736,31912,31912
735,736,31948,31948
736,704,31999,31999
737,736,32035,32035
738,704,32086,32086
739,736,32122,32122
740,736,32173,32173
741,736,32209,32209
742,736,32260,32260
743,736,32296,32296
744,736,32347,32347
745,736,32383,32383
746,736,32434,32434
747,704,32470,32470
748,736,32521,32521
749,832,32557,32557
750,704,32608,32608
751,704,32644,32644
752,736,32695,32695
753,736,32731,32731
754,768,32782,32782
755,736,32818,32818
756,704,32869,32869
757,736,32905,32905
758,704,32956,32956
759,736,32992,32992
760,704,33043,33043
761,736,33079,33079
762,736,33130,33130
763,736,33166,33166
764,736,33217,33217
765,704,33253,33253
766,704,33304,33304
767,736,33340,33340
768,736,33391,33391
769,736,33427,33427
770,736,33478,33478
771,736,33514,33514
772,704,33565,33565
773,736,33601,33601
774,704,33652,33652
775,736,33688,33688
776,704,33739,33739
777,704,33775,33775
778,704,33826,33826
779,768,33862,33862
780,736,33913,33913
781,704,33949,33949
782,704,34000,34000
783,736,34036,34036
784,736,34087,34087
785,736,34123,34123
786,736,34174,34174
787,736,34210,34210
788,736,34261,34261
789,736,34297,34297
790,736,34348,34348
791,736,34384,34384
792,736,34435,34435
793,736,34471,34471
794,736,34522,34522
795,736,34558,34558
796,704,34609,34609
797,736,34645,34645
798,704,34696,34696
799,704,34732,34732
800,704,34783,34783
801,736,34819,34819
802,704,34870,34870
803,704,34906,34906
804,704,34957,34957
805,704,34993,34993
806,704,35044,35044
807,704,35080,35080
808,704,35131,35131
809,736,35167,35167
810,704,35218,35218
811,736,35254,35254
812,704,35305,35305
813,736,35341,35341
814,704,35392,35392
815,704,35428,35428
816,704,35479,35479
817,704,35515,35515
818,704,35566,35566
819,704,35602,35602
820,736,35653,35653
821,704,35689,35689
822,736,35740,35740
823,704,35776,35776
824,736,35827,35827
825,704,35863,35863
826,704,35914,35914
827,704,35950,35950
828,672,36001,36001
829,704,36037,36037
830,704,36088,36088
831,672,36124,36124
832,704,36175,36175
833,832,36211,36211
834,704,36262,36262
835,704,36298,36298
836,704,36349,36349
837,704,36385,36385
838,704,36436,36436
839,672,36472,36472
840,704,36523,36523
841,672,36559,36559
842,672,36610,36610
843,704,36646,36646
844,832,36697,36697
845,3787584,36733,36733
846,2208,36784,36784
847,704,36820,36820
848,768,36871,36871
849,736,36907,36907
850,736,36958,36958
851,704,36994,36994
852,736,37045,37045
853,736,37081,37081
854,768,37132,37132
855,800,37168,37168
856,736,37219,37219
857,736,37255,37255
858,768,37306,37306
859,736,37342,37342
860,768,37393,37393
861,704,37429,37429
862,704,37480,37480
863,672,37516,37516
864,704,37567,37567
865,768,37603,37603
866,736,37654,37654
867,736,37690,37690
868,672,37741,37741
869,704,37777,37777
870,768,37828,37828
871,704,37864,37864
872,736,37915,37915
873,704,37951,37951
874,704,38002,38002
875,960,38038,38038
876,736,38089,38089
877,736,38125,38125
878,960,38176,38176
879,736,38212,38212
880,704,38263,38263
881,704,38299,38299
882,736,38350,38350
883,832,38386,38386
884,736,38437,38437
885,736,38473,38473
886,768,38524,38524
887,736,38560,38560
888,736,38611,38611
889,704,38647,38647
890,736,38698,38698
891,704,38734,38734
892,704,38785,38785
893,736,38821,38821
894,736,38872,38872
895,736,38908,38908
896,704,38959,38959
897,736,38995,38995
898,736,39046,39046
899,736,39082,39082
900,704,39133,39133
901,736,39169,39169
902,768,39220,39220
903,704,39256,39256
904,704,39307,39307
905,704,39343,39343
906,736,39394,39394
907,704,39430,39430
908,704,39481,39481
909,736,39517,39517
910,736,39568,39568
911,800,39604,39604
912,704,39655,39655
913,736,39691,39691
914,704,39742,39742
915,736,39778,39778
916,736,39829,39829
917,736,39865,39865
918,704,39916,39916
919,736,39952,39952
920,736,40003,40003
921,768,40039,40039
922,736,40090,40090
923,704,40126,40126
924,704,40177,40177
925,736,40213,40213
926,736,40264,40264
927,832,40300,40300
928,704,40351,40351
929,704,40387,40387
930,704,40438,40438
931,736,40474,40474
932,704,40525,40525
933,896,40561,40561
934,704,40612,40612
935,736,40648,40648
936,736,40699,40699
937,704,40735,40735
938,736,40786,40786
939,704,40822,40822
940,704,40873,40873
941,736,40909,40909
942,736,40960,40960
943,704,40996,40996
944,704,41047,41047
945,704,41083,41083
946,736,41134,41134
947,736,41170,41170
948,896,41221,41221
949,896,41257,41257
950,704,41308,41308
951,736,41344,41344
952,704,41395,41395
953,736,41431,41431
954,704,41482,41482
955,704,41518,41518
956,704,41569,41569
957,704,41605,41605
958,736,41656,41656
959,736,41692,41692
960,736,41743,41743
961,736,41779,41779
962,736,41830,41830
963,704,41866,41866
964,768,41917,41917
965,704,41953,41953
966,736,42004,42004
967,736,42040,42040
968,704,42091,42091
969,736,42127,42127
970,736,42178,42178
971,704,42214,42214
972,736,42265,42265
973,704,42301,42301
974,736,42352,42352
975,768,42388,42388
976,704,42439,42439
977,704,42475,42475
978,736,42526,42526
979,736,42562,42562
980,704,42613,42613
981,704,42649,42649
982,736,42700,42700
983,704,42736,42736
984,736,42787,42787
985,736,42823,42823
986,736,42874,42874
987,736,42910,42910
988,736,42961,42961
989,704,42997,42997
990,736,43048,43048
991,704,43084,43084
992,704,43135,43135
993,704,43171,43171
994,704,43222,43222
995,736,43258,43258
996,704,43309,43309
997,704,43345,43345
998,704,43396,43396
999,736,43432,43432
1000,704,43483,43483
1001,704,43519,43519
1002,704,43570,43570
1003,704,43606,43606
1004,736,43657,43657
1005,736,43693,43693
1006,704,43744,43744
1007,704,43780,43780
1008,832,43831,43831
1009,704,43867,43867
1010,736,43918,43918
1011,704,43954,43954
1012,768,44005,44005
1013,736,44041,44041
1014,704,44092,44092
1015,672,44128,44128
1016,704,44179,44179
1017,704,44215,44215
1018,736,44266,44266
1019,736,44302,44302
1020,704,44353,44353
1021,704,44389,44389
1022,704,44440,44440
1023,736,44476,44476
1024,704,44527,44527
1025,736,44563,44563
1026,704,44614,44614
1027,736,44650,44650
1028,736,44701,44701
1029,736,44737,44737
1030,704,44788,44788
1031,704,44824,44824
1032,704,44875,44875
1033,736,44911,44911
1034,736,44962,44962
1035,992,44998,44998
1036,704,45049,45049
1037,736,45085,45085
1038,704,45136,45136
1039,704,45172,45172
1040,704,45223,45223
1041,704,45259,45259
1042,704,45310,45310
1043,672,45346,45346
1044,704,45397,45397
1045,704,45433,45433
1046,704,45484,45484
1047,704,45520,45520
1048,704,45571,45571
1049,704,45607,45607
1050,704,45658,45658
1051,704,45694,45694
1052,704,45745,45745
1053,704,45781,45781
1054,704,45832,45832
1055,704,45868,45868
1056,704,45919,45919
1057,672,45955,45955
1058,704,46006,46006
1059,736,46042,46042
1060,736,46093,46093
1061,736,46129,46129
1062,3714112,46180,46180
1063,704,46216,46216
1064,704,46267,46267
1065,736,46303,46303
1066,768,46354,46354
1067,736,46390,46390
1068,768,46441,46441
1069,736,46477,46477
1070,768,46528,46528
1071,736,46564,46564
1072,704,46615,46615
1073,832,46651,46651
1074,864,46702,46702
1075,704,46738,46738
1076,704,46789,46789
1077,704,46825,46825
1078,704,46876,46876
1079,704,46912,46912
1080,704,46963,46963
1081,768,46999,46999
1082,736,47050,47050
1083,768,47086,47086
1084,704,47137,47137
1085,736,47173,47173
1086,800,47224,47224
1087,704,47260,47260
1088,736,47311,47311
1089,864,47347,47347
1090,736,47398,47398
1091,736,47434,47434
1092,704,47485,47485
1093,704,47521,47521
1094,736,47572,47572
1095,736,47608,47608
1096,736,47659,47659
1097,736,47695,47695
1098,736,47746,47746
1099,704,47782,47782
1100,704,47833,47833
1101,704,47869,47869
1102,736,47920,47920
1103,704,47956,47956
1104,736,48007,48007
1105,736,48043,48043
1106,736,48094,48094
1107,704,48130,48130
1108,736,48181,48181
1109,736,48217,48217
1110,704,48268,48268
1111,800,48304,48304
1112,736,48355,48355
1113,704,48391,48391
1114,704,48442,48442
1115,736,48478,48478
1116,704,48529,48529
1117,736,48565,48565
1118,736,48616,48616
1119,704,48652,48652
1120,704,48703,48703
1121,736,48739,48739
1122,704,48790,48790
1123,768,48826,48826
1124,736,48877,48877
1125,736,48913,48913
1126,704,48964,48964
1127,960,49000,49000
1128,704,49051,49051
1129,736,49087,49087
1130,736,49138,49138
1131,736,49174,49174
1132,704,49225,49225
1133,736,49261,49261
1134,704,49312,49312
1135,736,49348,49348
1136,704,49399,49399
1137,704,49435,49435
1138,736,49486,49486
1139,736,49522,49522
1140,704,49573,49573
1141,704,49609,49609
1142,704,49660,49660
1143,736,49696,49696
1144,704,49747,49747
1145,704,49783,49783
1146,704,49834,49834
1147,736,49870,49870
1148,736,49921,49921
1149,736,49957,49957
1150,832,50008,50008
1151,736,50044,50044
1152,704,50095,50095
1153,704,50131,50131
1154,736,50182,50182
1155,736,50218,50218
1156,736,50269,50269
1157,736,50305,50305
1158,736,50356,50356
1159,736,50392,50392
1160,832,50443,50443
1161,704,50479,50479
1162,736,50530,50530
1163,736,50566,50566
1164,736,50617,50617
1165,704,50653,50653
1166,736,50704,50704
1167,736,50740,50740
1168,704,50791,50791
1169,704,50827,50827
1170,736,50878,50878
1171,768,50914,50914
1172,736,50965,50965
1173,736,51001,51001
1174,736,51052,51052
1175,736,51088,51088
1176,736,51139,51139
1177,736,51175,51175
1178,736,51226,51226
1179,704,51262,51262
1180,704,51313,51313
1181,864,51349,51349
1182,704,51400,51400
1183,736,51436,51436
1184,704,51487,51487
1185,736,51523,51523
1186,736,51574,51574
1187,736,51610,51610
1188,736,51661,51661
1189,736,51697,51697
1190,736,51748,51748
1191,704,51784,51784
1192,736,51835,51835
1193,736,51871,51871
1194,768,51922,51922
1195,768,51958,51958
1196,736,52009,52009
1197,736,52045,52045
1198,704,52096,52096
1199,736,52132,52132
1200,736,52183,52183
1201,736,52219,52219
1202,704,52270,52270
1203,704,52306,52306
1204,704,52357,52357
1205,704,52393,52393
1206,736,52444,52444
1207,736,52480,52480
1208,704,52531,52531
1209,768,52567,52567
1210,736,52618,52618
1211,736,52654,52654
1212,736,52705,52705
1213,736,52741,52741
1214,736,52792,52792
1215,736,52828,52828
1216,704,52879,52879
1217,736,52915,52915
1218,704,52966,52966
1219,704,53002,53002
1220,704,53053,53053
1221,736,53089,53089
1222,736,53140,53140
1223,704,53176,53176
1224,736,53227,53227
1225,736,53263,53263
1226,736,53314,53314
1227,736,53350,53350
1228,736,53401,53401
1229,704,53437,53437
1230,704,53488,53488
1231,704,53524,53524
1232,736,53575,53575
1233,736,53611,53611
1234,704,53662,53662
1235,704,53698,53698
1236,704,53749,53749
1237,704,53785,53785
1238,704,53836,53836
1239,736,53872,53872
1240,704,53923,53923
1241,704,53959,53959
1242,704,54010,54010
1243,704,54046,54046
1244,736,54097,54097
1245,768,54133,54133
1246,896,54184,54184
1247,736,54220,54220
1248,704,54271,54271
1249,704,54307,54307
1250,704,54358,54358
1251,704,54394,54394
1252,704,54445,54445
1253,736,54481,54481
1254,736,54532,54532
1255,704,54568,54568
1256,704,54619,54619
1257,704,54655,54655
1258,704,54706,54706
1259,736,54742,54742
1260,704,54793,54793
1261,704,54829,54829
1262,704,54880,54880
1263,704,54916,54916
1264,704,54967,54967
1265,704,55003,55003
1266,736,55054,55054
1267,704,55090,55090
1268,704,55141,55141
1269,704,55177,55177
1270,672,55228,55228
1271,704,55264,55264
1272,704,55315,55315
1273,704,55351,55351
1274,672,55402,55402
1275,704,55438,55438
1276,704,55489,55489
1277,736,55525,55525
1278,704,55576,55576
1279,3825568,55612,55612
1280,1984,55663,55663
1281,736,55699,55699
1282,704,55750,55750
1283,736,55786,55786
1284,768,55837,55837
1285,768,55873,55873
1286,768,55924,55924
1287,736,55960,55960
1288,704,56011,56011
1289,768,56047,56047
1290,736,56098,56098
1291,768,56134,56134
1292,768,56185,56185
1293,768,56221,56221
1294,736,56272,56272
1295,704,56308,56308
1296,896,56359,56359
1297,736,56395,56395
1298,736,56446,56446
1299,704,56482,56482
1300,704,56533,56533
1301,704,56569,56569
1302,704,56620,56620
1303,704,56656,56656
1304,704,56707,56707
1305,736,56743,56743
1306,768,56794,56794
1307,736,56830,56830
1308,736,56881,56881
1309,736,56917,56917
1310,704,56968,56968
1311,736,57004,57004
1312,736,57055,57055
1313,736,57091,57091
1314,736,57142,57142
1315,736,57178,57178
1316,704,57229,57229
1317,704,57265,57265
1318,704,57316,57316
1319,704,57352,57352
1320,736,57403,57403
1321,736,57439,57439
1322,736,57490,57490
1323,736,57526,57526
1324,736,57577,57577
1325,704,57613,57613
1326,960,57664,57664
1327,736,57700,57700
1328,704,57751,57751
1329,704,57787,57787
1330,736,57838,57838
1331,736,57874,57874
1332,960,57925,57925
1333,736,57961,57961
1334,704,58012,58012
1335,736,58048,58048
1336,704,58099,58099
1337,736,58135,58135
1338,736,58186,58186
1339,736,58222,58222
1340,736,58273,58273
1341,736,58309,58309
1342,704,58360,58360
1343,736,58396,58396
1344,736,58447,58447
1345,704,58483,58483
1346,768,58534,58534
1347,864,58570,58570
1348,704,58621,58621
1349,736,58657,58657
1350,736,58708,58708
1351,704,58744,58744
1352,736,58795,58795
1353,832,58831,58831
1354,704,58882,58882
1355,736,58918,58918
1356,704,58969,58969
1357,832,59005,59005
1358,704,59056,59056
1359,736,59092,59092
1360,736,59143,59143
1361,736,59179,59179
1362,704,59230,59230
1363,704,59266,59266
1364,736,59317,59317
1365,736,59353,59353
1366,736,59404,59404
1367,736,59440,59440
1368,736,59491,59491
1369,736,59527,59527
1370,736,59578,59578
1371,736,59614,59614
1372,736,59665,59665
1373,704,59701,59701
1374,704,59752,59752
1375,704,59788,59788
1376,736,59839,59839
1377,736,59875,59875
1378,736,59926,59926
1379,704,59962,59962
1380,704,60013,60013
1381,704,60049,60049
1382,736,60100,60100
1383,736,60136,60136
1384,800,60187,60187
1385,704,60223,60223
1386,736,60274,60274
1387,736,60310,60310
1388,736,60361,60361
1389,704,60397,60397
1390,736,60448,60448
1391,736,60484,60484
1392,736,60535,60535
1393,768,60571,60571
1394,736,60622,60622
1395,704,60658,60658
1396,736,60709,60709
1397,736,60745,60745
1398,704,60796,60796
1399,704,60832,60832
1400,928,60883,60883
1401,736,60919,60919
1402,704,60970,60970
1403,768,61006,61006
1404,704,61057,61057
1405,704,61093,61093
1406,672,61144,61144
1407,736,61180,61180
1408,736,61231,61231
1409,704,61267,61267
1410,736,61318,61318
1411,736,61354,61354
1412,704,61405,61405
1413,736,61441,61441
1414,704,61492,61492
1415,704,61528,61528
1416,704,61579,61579
1417,736,61615,61615
1418,736,61666,61666
1419,704,61702,61702
1420,736,61753,61753
1421,736,61789,61789
1422,704,61840,61840
1423,704,61876,61876
1424,736,61927,61927
1425,704,61963,61963
1426,704,62014,62014
1427,704,62050,62050
1428,736,62101,62101
1429,704,62137,62137
1430,704,62188,62188
1431,736,62224,62224
1432,704,62275,62275
1433,992,62311,62311
1434,736,62362,62362
1435,704,62398,62398
1436,736,62449,62449
1437,736,62485,62485
1438,704,62536,62536
1439,704,62572,62572
1440,736,62623,62623
1441,768,62659,62659
1442,736,62710,62710
1443,736,62746,62746
1444,704,62797,62797
1445,704,62833,62833
1446,736,62884,62884
1447,704,62920,62920
1448,704,62971,62971
1449,736,63007,63007
1450,736,63058,63058
1451,704,63094,63094
1452,736,63145,63145
1453,736,63181,63181
1454,704,63232,63232
1455,736,63268,63268
1456,768,63319,63319
1457,736,63355,63355
1458,736,63406,63406
1459,736,63442,63442
1460,704,63493,63493
1461,736,63529,63529
1462,736,63580,63580
1463,736,63616,63616
1464,736,63667,63667
1465,736,63703,63703
1466,704,63754,63754
1467,736,63790,63790
1468,736,63841,63841
1469,736,63877,63877
1470,704,63928,63928
1471,704,63964,63964
1472,736,64015,64015
1473,736,64051,64051
1474,736,64102,64102
1475,736,64138,64138
1476,704,64189,64189
1477,704,64225,64225
1478,704,64276,64276
1479,704,64312,64312
1480,704,64363,64363
1481,736,64399,64399
1482,704,64450,64450
1483,704,64486,64486
1484,736,64537,64537
1485,736,64573,64573
1486,736,64624,64624
1487,736,64660,64660
1488,672,64711,64711
1489,704,64747,64747
1490,736,64798,64798
1491,704,64834,64834
1492,736,64885,64885
1493,704,64921,64921
1494,704,64972,64972
1495,704,65008,65008
1496,3679168,65059,65059
1497,768,65095,65095
1498,736,65146,65146
1499,736,65182,65182
1500,768,65233,65233
1501,736,65269,65269
1502,704,65320,65320
1503,768,65356,65356
1504,736,65407,65407
1505,800,65443,65443
1506,832,65494,65494
1507,736,65530,65530
1508,704,65581,65581
1509,704,65617,65617
1510,704,65668,65668
1511,832,65704,65704
1512,736,65755,65755
1513,704,65791,65791
1514,736,65842,65842
1515,736,65878,65878
1516,704,65929,65929
1517,768,65965,65965
1518,736,66016,66016
1519,704,66052,66052
1520,704,66103,66103
1521,704,66139,66139
1522,704,66190,66190
1523,704,66226,66226
1524,704,66277,66277
1525,704,66313,66313
1526,704,66364,66364
1527,736,66400,66400
1528,704,66451,66451
1529,736,66487,66487
1530,736,66538,66538
1531,704,66574,66574
1532,736,66625,66625
1533,736,66661,66661
1534,864,66712,66712
1535,832,66748,66748
1536,704,66799,66799
1537,736,66835,66835
1538,800,66886,66886
1539,736,66922,66922
1540,736,66973,66973
1541,736,67009,67009
1542,736,67060,67060
1543,704,67096,67096
1544,704,67147,67147
1545,736,67183,67183
1546,704,67234,67234
1547,704,67270,67270
1548,736,67321,67321
1549,800,67357,67357
1550,704,67408,67408
1551,704,67444,67444
1552,704,67495,67495
1553,736,67531,67531
1554,704,67582,67582
1555,960,67618,67618
1556,704,67669,67669
1557,736,67705,67705
1558,736,67756,67756
1559,736,67792,67792
1560,736,67843,67843
1561,896,67879,67879
1562,704,67930,67930
1563,704,67966,67966
1564,864,68017,68017
1565,832,68053,68053
1566,704,68104,68104
1567,704,68140,68140
1568,704,68191,68191
1569,736,68227,68227
1570,704,68278,68278
1571,736,68314,68314
1572,704,68365,68365
1573,736,68401,68401
1574,736,68452,68452
1575,736,68488,68488
1576,800,68539,68539
1577,736,68575,68575
1578,736,68626,68626
1579,736,68662,68662
1580,704,68713,68713
1581,704,68749,68749
1582,704,68800,68800
1583,736,68836,68836
1584,736,68887,68887
1585,736,68923,68923
1586,704,68974,68974
1587,736,69010,69010
1588,704,69061,69061
1589,704,69097,69097
1590,704,69148,69148
1591,736,69184,69184
1592,736,69235,69235
1593,704,69271,69271
1594,736,69322,69322
1595,704,69358,69358
1596,736,69409,69409
1597,736,69445,69445
1598,736,69496,69496
1599,800,69532,69532
1600,736,69583,69583
1601,704,69619,69619
1602,736,69670,69670
1603,736,69706,69706
1604,704,69757,69757
1605,736,69793,69793
1606,704,69844,69844
1607,736,69880,69880
1608,704,69931,69931
1609,800,69967,69967
1610,704,70018,70018
1611,736,70054,70054
1612,704,70105,70105
1613,736,70141,70141
1614,704,70192,70192
1615,736,70228,70228
1616,736,70279,70279
1617,768,70315,70315
1618,736,70366,70366
1619,736,70402,70402
1620,736,70453,70453
1621,736,70489,70489
1622,704,70540,70540
1623,736,70576,70576
1624,736,70627,70627
1625,896,70663,70663
1626,704,70714,70714
1627,736,70750,70750
1628,704,70801,70801
1629,704,70837,70837
1630,736,70888,70888
1631,736,70924,70924
1632,704,70975,70975
1633,704,71011,71011
1634,704,71062,71062
1635,736,71098,71098
1636,704,71149,71149
1637,704,71185,71185
1638,736,71236,71236
1639,704,71272,71272
1640,736,71323,71323
1641,704,71359,71359
1642,736,71410,71410
1643,704,71446,71446
1644,736,71497,71497
1645,704,71533,71533
1646,704,71584,71584
1647,704,71620,71620
1648,736,71671,71671
1649,704,71707,71707
1650,736,71758,71758
1651,736,71794,71794
1652,704,71845,71845
1653,704,71881,71881
1654,704,71932,71932
1655,704,71968,71968
1656,704,72019,72019
1657,704,72055,72055
1658,736,72106,72106
1659,736,72142,72142
1660,736,72193,72193
1661,704,72229,72229
1662,704,72280,72280
1663,736,72316,72316
1664,736,72367,72367
1665,736,72403,72403
1666,672,72454,72454
1667,704,72490,72490
1668,704,72541,72541
1669,704,72577,72577
1670,672,72628,72628
1671,704,72664,72664
1672,704,72715,72715
1673,704,72751,72751
1674,704,72802,72802
1675,704,72838,72838
1676,704,72889,72889
1677,704,72925,72925
1678,672,72976,72976
1679,704,73012,73012
1680,736,73063,73063
1681,704,73099,73099
1682,704,73150,73150
1683,736,73186,73186
1684,704,73237,73237
1685,704,73273,73273
1686,704,73324,73324
1687,736,73360,73360
1688,736,73411,73411
1689,704,73447,73447
1690,704,73498,73498
1691,704,73534,73534
1692,704,73585,73585
1693,704,73621,73621
1694,704,73672,73672
1695,704,73708,73708
1696,704,73759,73759
1697,704,73795,73795
1698,704,73846,73846
1699,704,73882,73882
1700,704,73933,73933
1701,800,73969,73969
1702,704,74020,74020
1703,704,74056,74056
1704,672,74107,74107
1705,704,74143,74143
1706,704,74194,74194
1707,736,74230,74230
1708,704,74281,74281
1709,672,74317,74317
1710,704,74368,74368
1711,704,74404,74404
1712,704,74455,74455
1713,3876096,74491,74491
1714,2432,74542,74542
1715,736,74578,74578
1716,736,74629,74629
1717,768,74665,74665
1718,896,74716,74716
1719,736,74752,74752
1720,704,74803,74803
1721,736,74839,74839
1722,768,74890,74890
1723,736,74926,74926
1724,768,74977,74977
1725,736,75013,75013
1726,704,75064,75064
1727,800,75100,75100
1728,800,75151,75151
1729,800,75187,75187
1730,736,75238,75238
1731,704,75274,75274
1732,704,75325,75325
1733,704,75361,75361
1734,704,75412,75412
1735,864,75448,75448
1736,864,75499,75499
1737,736,75535,75535
1738,736,75586,75586
1739,736,75622,75622
1740,736,75673,75673
1741,736,75709,75709
1742,736,75760,75760
1743,704,75796,75796
1744,736,75847,75847
1745,736,75883,75883
1746,736,75934,75934
1747,736,75970,75970
1748,704,76021,76021
1749,736,76057,76057
1750,704,76108,76108
1751,704,76144,76144
1752,704,76195,76195
1753,704,76231,76231
1754,704,76282,76282
1755,704,76318,76318
1756,736,76369,76369
1757,736,76405,76405
1758,736,76456,76456
1759,736,76492,76492
1760,704,76543,76543
1761,928,76579,76579
1762,736,76630,76630
1763,704,76666,76666
1764,736,76717,76717
1765,736,76753,76753
1766,960,76804,76804
1767,736,76840,76840
1768,704,76891,76891
1769,768,76927,76927
1770,704,76978,76978
1771,736,77014,77014
1772,736,77065,77065
1773,736,77101,77101
1774,704,77152,77152
1775,736,77188,77188
1776,736,77239,77239
1777,832,77275,77275
1778,704,77326,77326
1779,736,77362,77362
1780,704,77413,77413
1781,704,77449,77449
1782,736,77500,77500
1783,736,77536,77536
1784,704,77587,77587
1785,704,77623,77623
1786,704,77674,77674
1787,736,77710,77710
1788,704,77761,77761
1789,736,77797,77797
1790,704,77848,77848
1791,704,77884,77884
1792,704,77935,77935
1793,736,77971,77971
1794,832,78022,78022
1795,704,78058,78058
1796,736,78109,78109
1797,704,78145,78145
1798,736,78196,78196
1799,768,78232,78232
1800,800,78283,78283
1801,704,78319,78319
1802,704,78370,78370
1803,736,78406,78406
1804,928,78457,78457
1805,736,78493,78493
1806,704,78544,78544
1807,736,78580,78580
1808,736,78631,78631
1809,736,78667,78667
1810,704,78718,78718
1811,864,78754,78754
1812,736,78805,78805
1813,736,78841,78841
1814,736,78892,78892
1815,736,78928,78928
1816,896,78979,78979
1817,736,79015,79015
1818,736,79066,79066
1819,736,79102,79102
1820,800,79153,79153
1821,704,79189,79189
1822,704,79240,79240
1823,736,79276,79276
1824,736,79327,79327
1825,736,79363,79363
1826,736,79414,79414
1827,704,79450,79450
1828,736,79501,79501
1829,736,79537,79537
1830,736,79588,79588
1831,832,79624,79624
1832,704,79675,79675
1833,704,79711,79711
1834,672,79762,79762
1835,736,79798,79798
1836,704,79849,79849
1837,736,79885,79885
1838,736,79922,79922
1839,736,79958,79958
1840,704,79994,79994
1841,704,80030,80030
1842,736,80066,80066
1843,704,80102,80102
1844,736,80138,80138
1845,704,80174,80174
1846,704,80210,80210
1847,736,80246,80246
1848,736,80282,80282
1849,736,80318,80318
1850,736,80354,80354
1851,736,80390,80390
1852,704,80426,80426
1853,704,80462,80462
1854,736,80498,80498
1855,736,80534,80534
1856,736,80570,80570
1857,768,80606,80606
1858,896,80642,80642
1859,736,80678,80678
1860,736,80714,80714
1861,704,80750,80750
1862,736,80786,80786
1863,704,80822,80822
1864,736,80858,80858
1865,704,80894,80894
1866,704,80930,80930
1867,704,80966,80966
1868,736,81002,81002
1869,704,81038,81038
1870,704,81074,81074
1871,736,81110,81110
1872,704,81146,81146
1873,736,81182,81182
1874,704,81218,81218
1875,704,81254,81254
1876,736,81290,81290
1877,704,81326,81326
1878,736,81362,81362
1879,736,81398,81398
1880,736,81434,81434
1881,704,81470,81470
1882,736,81506,81506
1883,736,81542,81542
1884,704,81578,81578
1885,736,81614,81614
1886,736,81650,81650
1887,704,81686,81686
1888,736,81722,81722
1889,736,81758,81758
1890,704,81794,81794
1891,704,81830,81830
1892,704,81866,81866
1893,704,81902,81902
1894,704,81938,81938
1895,736,81974,81974
1896,704,82010,82010
1897,704,82046,82046
1898,704,82082,82082
1899,704,82118,82118
1900,736,82154,82154
1901,704,82190,82190
1902,704,82226,82226
1903,736,82262,82262
1904,704,82298,82298
1905,704,82334,82334
1906,704,82370,82370
1907,704,82406,82406
1908,736,82442,82442
1909,704,82478,82478
1910,736,82514,82514
1911,736,82550,82550
1912,704,82586,82586
1913,704,82622,82622
1914,736,82658,82658
1915,704,82694,82694
1916,704,82730,82730
1917,704,82766,82766
1918,672,82802,82802
1919,704,82838,82838
1920,704,82874,82874
1921,704,82910,82910
1922,736,82946,82946
1923,704,82982,82982
1924,800,83018,83018
1925,704,83054,83054
1926,736,83090,83090
1927,704,83126,83126
1928,704,83162,83162
1929,704,83198,83198
1930,736,83234,83234
1931,704,83270,83270
1932,704,83306,83306
1933,704,83342,83342
1934,704,83378,83378
1935,928,83414,83414
1936,736,83450,83450
1937,704,83486,83486
1938,736,83522,83522
1939,704,83558,83558
1940,704,83594,83594
1941,736,83630,83630
1942,704,83666,83666
1943,736,83702,83702
1944,736,83738,83738
1945,3861184,83774,83774
1946,704,83810,83810
1947,736,83846,83846
1948,768,83882,83882
1949,736,83918,83918
1950,704,83954,83954
1951,736,83990,83990
1952,768,84026,84026
1953,704,84062,84062
1954,704,84098,84098
1955,768,84134,84134
1956,736,84170,84170
1957,704,84206,84206
1958,800,84242,84242
1959,736,84278,84278
1960,736,84314,84314
1961,768,84350,84350
1962,896,84386,84386
1963,768,84422,84422
1964,704,84458,84458
1965,768,84494,84494
1966,768,84530,84530
1967,704,84566,84566
1968,736,84602,84602
1969,736,84638,84638
1970,704,84674,84674
1971,736,84710,84710
1972,736,84746,84746
1973,736,84782,84782
1974,864,84818,84818
1975,704,84854,84854
1976,704,84890,84890
1977,736,84926,84926
1978,928,84962,84962
1979,736,84998,84998
1980,704,85034,85034
1981,736,85070,85070
1982,736,85106,85106
1983,736,85142,85142
1984,736,85178,85178
1985,768,85214,85214
1986,704,85250,85250
1987,768,85286,85286
1988,736,85322,85322
1989,704,85358,85358
1990,800,85394,85394
1991,736,85430,85430
1992,736,85466,85466
1993,736,85502,85502
1994,864,85538,85538
1995,736,85574,85574
1996,736,85610,85610
1997,704,85646,85646
1998,736,85682,85682
1999,736,85718,85718
2000,736,85754,85754
2001,736,85790,85790
2002,768,85826,85826
2003,736,85862,85862
2004,704,85898,85898
2005,832,85934,85934
2006,704,85970,85970
2007,736,86006,86006
2008,736,86042,86042
2009,736,86078,86078
2010,928,86114,86114
2011,736,86150,86150
2012,736,86186,86186
2013,736,86222,86222
2014,736,86258,86258
2015,768,86294,86294
2016,736,86330,86330
2017,736,86366,86366
2018,736,86402,86402
2019,736,86438,86438
2020,736,86474,86474
2021,736,86510,86510
2022,736,86546,86546
2023,736,86582,86582
2024,736,86618,86618
2025,704,86654,86654
2026,864,86690,86690
2027,736,86726,86726
2028,736,86762,86762
2029,736,86798,86798
2030,704,86834,86834
2031,736,86870,86870
2032,736,86906,86906
2033,736,86942,86942
2034,736,86978,86978
2035,736,87014,87014
2036,736,87050,87050
2037,736,87086,87086
2038,736,87122,87122
2039,736,87158,87158
2040,736,87194,87194
2041,736,87230,87230
2042,736,87266,87266
2043,704,87302,87302
2044,736,87338,87338
2045,704,87374,87374
2046,704,87410,87410
2047,736,87446,87446
2048,736,87482,87482
2049,736,87518,87518
2050,736,87554,87554
2051,704,87590,87590
2052,736,87626,87626
2053,736,87662,87662
2054,736,87698,87698
2055,736,87734,87734
2056,736,87770,87770
2057,704,87806,87806
2058,736,87842,87842
2059,736,87878,87878
2060,704,87914,87914
2061,704,87950,87950
2062,704,87986,87986
2063,704,88022,88022
2064,864,88058,88058
2065,704,88094,88094
2066,736,88130,88130
2067,704,88166,88166
2068,736,88202,88202
2069,704,88238,88238
2070,832,88274,88274
2071,736,88310,88310
2072,736,88346,88346
2073,704,88382,88382
2074,736,88418,88418
2075,736,88454,88454
2076,736,88490,88490
2077,736,88526,88526
2078,704,88562,88562
2079,736,88598,88598
2080,864,88634,88634
2081,736,88670,88670
2082,736,88706,88706
2083,704,88742,88742
2084,704,88778,88778
2085,736,88814,88814
2086,768,88850,88850
2087,736,88886,88886
2088,736,88922,88922
2089,768,88958,88958
2090,736,88994,88994
2091,736,89030,89030
2092,736,89066,89066
2093,736,89102,89102
2094,736,89138,89138
2095,736,89174,89174
2096,736,89210,89210
2097,832,89246,89246
2098,800,89282,89282
2099,736,89318,89318
2100,704,89354,89354
2101,736,89390,89390
2102,736,89426,89426
2103,704,89462,89462
2104,704,89498,89498
2105,736,89534,89534
2106,736,89570,89570
2107,704,89606,89606
2108,736,89642,89642
2109,736,89678,89678
2110,736,89714,89714
2111,736,89750,89750
2112,736,89786,89786
2113,704,89822,89822
2114,704,89858,89858
2115,736,89894,89894
2116,704,89930,89930
2117,736,89966,89966
2118,864,90002,90002
2119,736,90038,90038
2120,736,90074,90074
2121,736,90110,90110
2122,736,90146,90146
2123,736,90182,90182
2124,736,90218,90218
2125,704,90254,90254
2126,736,90290,90290
2127,736,90326,90326
2128,704,90362,90362
2129,736,90398,90398
2130,768,90434,90434
2131,736,90470,90470
2132,736,90506,90506
2133,704,90542,90542
2134,704,90578,90578
2135,736,90614,90614
2136,736,90650,90650
2137,736,90686,90686
2138,736,90722,90722
2139,704,90758,90758
2140,736,90794,90794
2141,704,90830,90830
2142,736,90866,90866
2143,736,90902,90902
2144,736,90938,90938
2145,704,90974,90974
2146,704,91010,91010
2147,704,91046,91046
2148,704,91082,91082
2149,736,91118,91118
2150,736,91154,91154
2151,704,91190,91190
2152,736,91226,91226
2153,704,91262,91262
2154,736,91298,91298
2155,704,91334,91334
2156,704,91370,91370
2157,704,91406,91406
2158,736,91442,91442
2159,736,91478,91478
2160,736,91514,91514
2161,736,91550,91550
2162,704,91586,91586
2163,704,91622,91622
2164,736,91658,91658
2165,704,91694,91694
2166,736,91730,91730
2167,768,91766,91766
2168,704,91802,91802
2169,704,91838,91838
2170,704,91874,91874
2171,736,91910,91910
2172,736,91946,91946
2173,736,91982,91982
2174,704,92018,92018
2175,704,92054,92054
2176,704,92090,92090
2177,704,92126,92126
2178,704,92162,92162
2179,704,92198,92198
2180,736,92234,92234
2181,736,92270,92270
2182,704,92306,92306
2183,928,92342,92342
2184,736,92378,92378
2185,736,92414,92414
2186,704,92450,92450
2187,736,92486,92486
2188,704,92522,92522
2189,704,92558,92558
2190,736,92594,92594
2191,736,92630,92630
2192,704,92666,92666
2193,736,92702,92702
2194,736,92738,92738
2195,704,92774,92774
2196,736,92810,92810
2197,672,92846,92846
2198,3927296,92882,92882
2199,704,92918,92918
2200,800,92954,92954
2201,704,92990,92990
2202,704,93026,93026
2203,800,93062,93062
2204,672,93098,93098
2205,704,93134,93134
2206,736,93170,93170
2207,736,93206,93206
2208,704,93242,93242
2209,768,93278,93278
2210,768,93314,93314
2211,768,93350,93350
2212,800,93386,93386
2213,704,93422,93422
2214,768,93458,93458
2215,704,93494,93494
2216,768,93530,93530
2217,768,93566,93566
2218,704,93602,93602
2219,736,93638,93638
2220,960,93674,93674
2221,736,93710,93710
2222,704,93746,93746
2223,704,93782,93782
2224,896,93818,93818
2225,704,93854,93854
2226,736,93890,93890
2227,736,93926,93926
2228,704,93962,93962
2229,704,93998,93998
2230,736,94034,94034
2231,704,94070,94070
2232,736,94106,94106
2233,704,94142,94142
2234,736,94178,94178
2235,736,94214,94214
2236,736,94250,94250
2237,736,94286,94286
2238,736,94322,94322
2239,736,94358,94358
2240,736,94394,94394
2241,736,94430,94430
2242,736,94466,94466
2243,736,94502,94502
2244,736,94538,94538
2245,736,94574,94574
2246,768,94610,94610
2247,928,94646,94646
2248,736,94682,94682
2249,736,94718,94718
2250,736,94754,94754
2251,800,94790,94790
2252,736,94826,94826
2253,736,94862,94862
2254,736,94898,94898
2255,736,94934,94934
2256,736,94970,94970
2257,768,95006,95006
2258,736,95042,95042
2259,800,95078,95078
2260,736,95114,95114
2261,736,95150,95150
2262,736,95186,95186
2263,896,95222,95222
2264,704,95258,95258
2265,736,95294,95294
2266,736,95330,95330
2267,704,95366,95366
2268,704,95402,95402
2269,736,95438,95438
2270,704,95474,95474
2271,736,95510,95510
2272,768,95546,95546
2273,736,95582,95582
2274,736,95618,95618
2275,736,95654,95654
2276,736,95690,95690
2277,768,95726,95726
2278,768,95762,95762
2279,736,95798,95798
2280,736,95834,95834
2281,736,95870,95870
2282,832,95906,95906
2283,768,95942,95942
2284,736,95978,95978
2285,768,96014,96014
2286,736,96050,96050
2287,736,96086,96086
2288,736,96122,96122
2289,736,96158,96158
2290,832,96194,96194
2291,736,96230,96230
2292,736,96266,96266
2293,736,96302,96302
2294,832,96338,96338
2295,736,96374,96374
2296,736,96410,96410
2297,736,96446,96446
2298,832,96482,96482
2299,832,96518,96518
2300,736,96554,96554
2301,736,96590,96590
2302,736,96626,96626
2303,736,96662,96662
2304,736,96698,96698
2305,736,96734,96734
2306,736,96770,96770
2307,736,96806,96806
2308,768,96842,96842
2309,736,96878,96878
2310,832,96914,96914
2311,736,96950,96950
2312,704,96986,96986
2313,704,97022,97022
2314,736,97058,97058
2315,704,97094,97094
2316,736,97130,97130
2317,768,97166,97166
2318,736,97202,97202
2319,704,97238,97238
2320,704,97274,97274
2321,736,97310,97310
2322,768,97346,97346
2323,704,97382,97382
2324,736,97418,97418
2325,736,97454,97454
2326,736,97490,97490
2327,896,97526,97526
2328,736,97562,97562
2329,736,97598,97598
2330,736,97634,97634
2331,704,97670,97670
2332,768,97706,97706
2333,704,97742,97742
2334,704,97778,97778
2335,736,97814,97814
2336,704,97850,97850
2337,736,97886,97886
2338,736,97922,97922
2339,736,97958,97958
2340,704,97994,97994
2341,736,98030,98030
2342,704,98066,98066
2343,736,98102,98102
2344,704,98138,98138
2345,736,98174,98174
2346,704,98210,98210
2347,736,98246,98246
2348,736,98282,98282
2349,960,98318,98318
2350,736,98354,98354
2351,736,98390,98390
2352,736,98426,98426
2353,704,98462,98462
2354,736,98498,98498
2355,736,98534,98534
2356,736,98570,98570
2357,736,98606,98606
2358,736,98642,98642
2359,736,98678,98678
2360,736,98714,98714
2361,768,98750,98750
2362,736,98786,98786
2363,704,98822,98822
2364,736,98858,98858
2365,704,98894,98894
2366,704,98930,98930
2367,736,98966,98966
2368,768,99002,99002
2369,736,99038,99038
2370,736,99074,99074
2371,736,99110,99110
2372,704,99146,99146
2373,736,99182,99182
2374,736,99218,99218
2375,768,99254,99254
2376,736,99290,99290
2377,736,99326,99326
2378,736,99362,99362
2379,736,99398,99398
2380,768,99434,99434
2381,736,99470,99470
2382,768,99506,99506
2383,736,99542,99542
2384,736,99578,99578
2385,736,99614,99614
2386,768,99650,99650
2387,736,99686,99686
2388,736,99722,99722
2389,704,99758,99758
2390,768,99794,99794
2391,736,99830,99830
2392,736,99866,99866
2393,736,99902,99902
2394,704,99938,99938
2395,736,99974,99974
2396,768,100010,100010
2397,736,100046,100046
2398,736,100082,100082
2399,704,100118,100118
2400,736,100154,100154
2401,736,100190,100190
2402,704,100226,100226
2403,736,100262,100262
2404,736,100298,100298
2405,704,100334,100334
2406,704,100370,100370
2407,800,100406,100406
2408,736,100442,100442
2409,704,100478,100478
2410,736,100514,100514
2411,704,100550,100550
2412,704,100586,100586
2413,736,100622,100622
2414,736,100658,100658
2415,704,100694,100694
2416,704,100730,100730
2417,704,100766,100766
2418,704,100802,100802
2419,704,100838,100838
2420,704,100874,100874
2421,704,100910,100910
2422,736,100946,100946
2423,704,100982,100982
2424,704,101018,101018
2425,736,101054,101054
2426,704,101090,101090
2427,704,101126,101126
2428,704,101162,101162
2429,704,101198,101198
2430,672,101234,101234
2431,704,101270,101270
2432,704,101306,101306
2433,704,101342,101342
2434,704,101378,101378
2435,736,101414,101414
2436,704,101450,101450
2437,672,101486,101486
2438,704,101522,101522
2439,672,101558,101558
2440,672,101594,101594
2441,704,101630,101630
2442,704,101666,101666
2443,704,101702,101702
2444,704,101738,101738
2445,736,101774,101774
2446,704,101810,101810
2447,704,101846,101846
2448,704,101882,101882
2449,672,101918,101918
2450,704,101954,101954
2451,3910080,101990,101990
2452,704,102026,102026
2453,736,102062,102062
2454,768,102098,102098
2455,704,102134,102134
2456,768,102170,102170
2457,736,102206,102206
2458,736,102242,102242
2459,768,102278,102278
2460,736,102314,102314
2461,704,102350,102350
2462,736,102386,102386
2463,768,102422,102422
2464,736,102458,102458
2465,768,102494,102494
2466,768,102530,102530
2467,704,102566,102566
2468,768,102602,102602
2469,768,102638,102638
2470,704,102674,102674
2471,736,102710,102710
2472,704,102746,102746
2473,960,102782,102782
2474,736,102818,102818
2475,736,102854,102854
2476,736,102890,102890
2477,704,102926,102926
2478,768,102962,102962
2479,736,102998,102998
2480,704,103034,103034
2481,736,103070,103070
2482,704,103106,103106
2483,704,103142,103142
2484,800,103178,103178
2485,704,103214,103214
2486,736,103250,103250
2487,736,103286,103286
2488,704,103322,103322
2489,736,103358,103358
2490,704,103394,103394
2491,704,103430,103430
2492,704,103466,103466
2493,704,103502,103502
2494,704,103538,103538
2495,864,103574,103574
2496,736,103610,103610
2497,736,103646,103646
2498,768,103682,103682
2499,960,103718,103718
2500,864,103754,103754
2501,704,103790,103790
2502,736,103826,103826
2503,704,103862,103862
2504,704,103898,103898
2505,736,103934,103934
2506,704,103970,103970
2507,768,104006,104006
2508,736,104042,104042
2509,768,104078,104078
2510,768,104114,104114
2511,768,104150,104150
2512,704,104186,104186
2513,736,104222,104222
2514,736,104258,104258
2515,736,104294,104294
2516,736,104330,104330
2517,704,104366,104366
2518,736,104402,104402
2519,736,104438,104438
2520,704,104474,104474
2521,736,104510,104510
2522,704,104546,104546
2523,736,104582,104582
2524,736,104618,104618
2525,704,104654,104654
2526,704,104690,104690
2527,704,104726,104726
2528,704,104762,104762
2529,704,104798,104798
2530,736,104834,104834
2531,736,104870,104870
2532,704,104906,104906
2533,704,104942,104942
2534,736,104978,104978
2535,736,105014,105014
2536,704,105050,105050
2537,704,105086,105086
2538,736,105122,105122
2539,704,105158,105158
2540,704,105194,105194
2541,736,105230,105230
2542,736,105266,105266
2543,704,105302,105302
2544,704,105338,105338
2545,768,105374,105374
2546,736,105410,105410
2547,736,105446,105446
2548,832,105482,105482
2549,736,105518,105518
2550,736,105554,105554
2551,736,105590,105590
2552,704,105626,105626
2553,736,105662,105662
2554,736,105698,105698
2555,704,105734,105734
2556,736,105770,105770
2557,736,105806,105806
2558,704,105842,105842
2559,736,105878,105878
2560,896,105914,105914
2561,736,105950,105950
2562,704,105986,105986
2563,736,106022,106022
2564,800,106058,106058
2565,768,106094,106094
2566,736,106130,106130
2567,736,106166,106166
2568,704,106202,106202
2569,736,106238,106238
2570,736,106274,106274
2571,736,106310,106310
2572,736,106346,106346
2573,736,106382,106382
2574,704,106418,106418
2575,704,106454,106454
2576,736,106490,106490
2577,704,106526,106526
2578,736,106562,106562
2579,704,106598,106598
2580,736,106634,106634
2581,736,106670,106670
2582,704,106706,106706
2583,736,106742,106742
2584,736,106778,106778
2585,736,106814,106814
2586,800,106850,106850
2587,704,106886,106886
2588,704,106922,106922
2589,704,106958,106958
2590,736,106994,106994
2591,736,107030,107030
2592,704,107066,107066
2593,736,107102,107102
2594,896,107138,107138
2595,704,107174,107174
2596,736,107210,107210
2597,928,107246,107246
2598,768,107282,107282
2599,736,107318,107318
2600,704,107354,107354
2601,704,107390,107390
2602,832,107426,107426
2603,704,107462,107462
2604,736,107498,107498
2605,736,107534,107534
2606,736,107570,107570
2607,736,107606,107606
2608,800,107642,107642
2609,736,107678,107678
2610,704,107714,107714
2611,736,107750,107750
2612,704,107786,107786
2613,736,107822,107822
2614,736,107858,107858
2615,704,107894,107894
2616,704,107930,107930
2617,704,107966,107966
2618,736,108002,108002
2619,704,108038,108038
2620,736,108074,108074
2621,736,108110,108110
2622,704,108146,108146
2623,736,108182,108182
2624,768,108218,108218
2625,704,108254,108254
2626,704,108290,108290
2627,704,108326,108326
2628,736,108362,108362
2629,928,108398,108398
2630,736,108434,108434
2631,736,108470,108470
2632,736,108506,108506
2633,704,108542,108542
2634,704,108578,108578
2635,736,108614,108614
2636,704,108650,108650
2637,736,108686,108686
2638,704,108722,108722
2639,704,108758,108758
2640,704,108794,108794
2641,704,108830,108830
2642,736,108866,108866
2643,736,108902,108902
2644,704,108938,108938
2645,704,108974,108974
2646,704,109010,109010
2647,736,109046,109046
2648,704,109082,109082
2649,704,109118,109118
2650,704,109154,109154
2651,704,109190,109190
2652,704,109226,109226
2653,704,109262,109262
2654,704,109298,109298
2655,704,109334,109334
2656,704,109370,109370
2657,704,109406,109406
2658,704,109442,109442
2659,704,109478,109478
2660,704,109514,109514
2661,704,109550,109550
2662,832,109586,109586
2663,736,109622,109622
2664,736,109658,109658
2665,736,109694,109694
2666,736,109730,109730
2667,704,109766,109766
2668,704,109802,109802
2669,704,109838,109838
2670,672,109874,109874
2671,704,109910,109910
2672,704,109946,109946
2673,704,109982,109982
2674,704,110018,110018
2675,736,110054,110054
2676,704,110090,110090
2677,704,110126,110126
2678,704,110162,110162
2679,704,110198,110198
2680,672,110234,110234
2681,704,110270,110270
2682,704,110306,110306
2683,672,110342,110342
2684,768,110378,110378
2685,704,110414,110414
2686,736,110450,110450
2687,704,110486,110486
2688,704,110522,110522
2689,704,110558,110558
2690,736,110594,110594
2691,704,110630,110630
2692,704,110666,110666
2693,704,110702,110702
2694,736,110738,110738
2695,736,110774,110774
2696,704,110810,110810
2697,704,110846,110846
2698,704,110882,110882
2699,704,110918,110918
2700,704,110954,110954
2701,672,110990,110990
2702,704,111026,111026
2703,672,111062,111062
2704,385952,111098,111098
2705,736,111134,111134
2706,768,111170,111170
2707,896,111206,111206
2708,768,111242,111242
2709,736,111278,111278
2710,800,111314,111314
2711,704,111350,111350
2712,736,111386,111386
2713,704,111422,111422
2714,768,111458,111458
2715,832,111494,111494
2716,704,111530,111530
2717,704,111566,111566
2718,704,111602,111602
2719,704,111638,111638
2720,736,111674,111674
2721,672,111710,111710
2722,704,111746,111746
2723,736,111782,111782
2724,736,111818,111818
2725,704,111854,111854
2726,704,111890,111890
2727,704,111926,111926
2728,736,111962,111962
2729,704,111998,111998
2730,704,112034,112034
2731,736,112070,112070
2732,704,112106,112106
2733,672,112142,112142
2734,704,112178,112178
2735,704,112214,112214
2736,736,112250,112250
2737,768,112286,112286
2738,672,112322,112322
2739,736,112358,112358
2740,672,112394,112394
2741,704,112430,112430
2742,704,112466,112466
2743,704,112502,112502
2744,672,112538,112538
2745,704,112574,112574
2746,736,112610,112610
2747,480896,112625,112625
